fileName,label
MSFT_30_1,1
MSFT_31_1,1
MSFT_32_1,1
MSFT_33_1,1
MSFT_34_0,0
MSFT_35_0,0
MSFT_36_0,0
MSFT_37_1,1
MSFT_38_0,0
MSFT_39_1,1
MSFT_40_0,0
MSFT_41_0,0
MSFT_42_1,1
MSFT_43_0,0
MSFT_44_1,1
MSFT_45_0,0
MSFT_46_1,1
MSFT_47_0,0
MSFT_48_0,0
MSFT_49_0,0
MSFT_50_1,1
MSFT_51_1,1
MSFT_52_0,0
MSFT_53_1,1
MSFT_54_0,0
MSFT_55_0,0
MSFT_56_1,1
MSFT_57_0,0
MSFT_58_0,0
MSFT_59_1,1
MSFT_60_1,1
MSFT_61_0,0
MSFT_62_1,1
MSFT_63_1,1
MSFT_64_0,0
MSFT_65_1,1
MSFT_66_0,0
MSFT_67_1,1
MSFT_68_0,0
MSFT_69_0,0
MSFT_70_0,0
MSFT_71_1,1
MSFT_72_1,1
MSFT_73_1,1
MSFT_74_0,0
MSFT_75_0,0
MSFT_76_1,1
MSFT_77_1,1
MSFT_78_1,1
MSFT_79_0,0
MSFT_80_1,1
MSFT_81_1,1
MSFT_82_0,0
MSFT_83_0,0
MSFT_84_1,1
MSFT_85_1,1
MSFT_86_1,1
MSFT_87_0,0
MSFT_88_1,1
MSFT_89_0,0
MSFT_90_0,0
MSFT_91_0,0
MSFT_92_1,1
MSFT_93_1,1
MSFT_94_0,0
MSFT_95_1,1
MSFT_96_0,0
MSFT_97_1,1
MSFT_98_1,1
MSFT_99_0,0
MSFT_100_1,1
MSFT_101_1,1
MSFT_102_1,1
MSFT_103_1,1
MSFT_104_0,0
MSFT_105_0,0
MSFT_106_1,1
MSFT_107_0,0
MSFT_108_0,0
MSFT_109_1,1
MSFT_110_1,1
MSFT_111_1,1
MSFT_112_0,0
MSFT_113_1,1
MSFT_114_1,1
MSFT_115_1,1
MSFT_116_1,1
MSFT_117_0,0
MSFT_118_1,1
MSFT_119_1,1
MSFT_120_0,0
MSFT_121_0,0
MSFT_122_1,1
MSFT_123_0,0
MSFT_124_0,0
MSFT_125_0,0
MSFT_126_1,1
MSFT_127_1,1
MSFT_128_0,0
MSFT_129_1,1
MSFT_130_0,0
MSFT_131_0,0
MSFT_132_1,1
MSFT_133_1,1
MSFT_134_1,1
MSFT_135_1,1
MSFT_136_1,1
MSFT_137_1,1
MSFT_138_1,1
MSFT_139_1,1
MSFT_140_0,0
MSFT_141_0,0
MSFT_142_0,0
MSFT_143_0,0
MSFT_144_0,0
MSFT_145_1,1
MSFT_146_0,0
MSFT_147_0,0
MSFT_148_1,1
MSFT_149_1,1
MSFT_150_1,1
MSFT_151_0,0
MSFT_152_0,0
MSFT_153_0,0
MSFT_154_0,0
MSFT_155_0,0
MSFT_156_1,1
MSFT_157_0,0
MSFT_158_0,0
MSFT_159_1,1
MSFT_160_1,1
MSFT_161_0,0
MSFT_162_0,0
MSFT_163_1,1
MSFT_164_1,1
MSFT_165_0,0
MSFT_166_0,0
MSFT_167_1,1
MSFT_168_0,0
MSFT_169_1,1
MSFT_170_1,1
MSFT_171_0,0
MSFT_172_0,0
MSFT_173_0,0
MSFT_174_1,1
MSFT_175_1,1
MSFT_176_1,1
MSFT_177_1,1
MSFT_178_0,0
MSFT_179_0,0
MSFT_180_1,1
MSFT_181_0,0
MSFT_182_0,0
MSFT_183_0,0
MSFT_184_1,1
MSFT_185_1,1
MSFT_186_0,0
MSFT_187_0,0
MSFT_188_1,1
MSFT_189_1,1
MSFT_190_0,0
MSFT_191_1,1
MSFT_192_0,0
MSFT_193_0,0
MSFT_194_1,1
MSFT_195_0,0
MSFT_196_1,1
MSFT_197_1,1
MSFT_198_0,0
MSFT_199_0,0
MSFT_200_1,1
MSFT_201_0,0
MSFT_202_0,0
MSFT_203_1,1
MSFT_204_1,1
MSFT_205_1,1
MSFT_206_0,0
MSFT_207_0,0
MSFT_208_1,1
MSFT_209_0,0
MSFT_210_1,1
MSFT_211_0,0
MSFT_212_1,1
MSFT_213_0,0
MSFT_214_1,1
MSFT_215_0,0
MSFT_216_1,1
MSFT_217_0,0
MSFT_218_1,1
MSFT_219_0,0
MSFT_220_0,0
MSFT_221_0,0
MSFT_222_1,1
MSFT_223_1,1
MSFT_224_1,1
MSFT_225_1,1
MSFT_226_1,1
MSFT_227_1,1
MSFT_228_1,1
MSFT_229_1,1
MSFT_230_0,0
MSFT_231_0,0
MSFT_232_1,1
MSFT_233_0,0
MSFT_234_0,0
MSFT_235_1,1
MSFT_236_1,1
MSFT_237_0,0
MSFT_238_1,1
MSFT_239_1,1
MSFT_240_1,1
MSFT_241_1,1
MSFT_242_1,1
MSFT_243_1,1
MSFT_244_0,0
MSFT_245_1,1
MSFT_246_1,1
MSFT_247_1,1
MSFT_248_1,1
MSFT_249_1,1
MSFT_250_0,0
MSFT_251_0,0
MSFT_252_1,1
MSFT_253_0,0
MSFT_254_0,0
MSFT_255_0,0
MSFT_256_0,0
MSFT_257_1,1
MSFT_258_0,0
MSFT_259_0,0
MSFT_260_0,0
MSFT_261_1,1
MSFT_262_1,1
MSFT_263_1,1
MSFT_264_0,0
MSFT_265_1,1
MSFT_266_1,1
MSFT_267_1,1
MSFT_268_0,0
MSFT_269_1,1
MSFT_270_1,1
MSFT_271_0,0
MSFT_272_0,0
MSFT_273_1,1
MSFT_274_0,0
MSFT_275_1,1
MSFT_276_0,0
MSFT_277_0,0
MSFT_278_1,1
MSFT_279_1,1
MSFT_280_1,1
MSFT_281_1,1
MSFT_282_0,0
MSFT_283_1,1
MSFT_284_1,1
MSFT_285_0,0
MSFT_286_1,1
MSFT_287_1,1
MSFT_288_1,1
MSFT_289_1,1
MSFT_290_0,0
MSFT_291_1,1
MSFT_292_1,1
MSFT_293_1,1
MSFT_294_0,0
MSFT_295_0,0
MSFT_296_0,0
MSFT_297_0,0
MSFT_298_1,1
MSFT_299_0,0
MSFT_300_1,1
MSFT_301_1,1
MSFT_302_0,0
MSFT_303_1,1
MSFT_304_1,1
MSFT_305_1,1
MSFT_306_1,1
MSFT_307_1,1
MSFT_308_1,1
MSFT_309_1,1
MSFT_310_0,0
MSFT_311_0,0
MSFT_312_0,0
MSFT_313_0,0
MSFT_314_0,0
MSFT_315_0,0
MSFT_316_1,1
MSFT_317_1,1
MSFT_318_0,0
MSFT_319_1,1
MSFT_320_1,1
MSFT_321_0,0
MSFT_322_1,1
MSFT_323_1,1
MSFT_324_1,1
MSFT_325_0,0
MSFT_326_1,1
MSFT_327_0,0
MSFT_328_1,1
MSFT_329_1,1
MSFT_330_0,0
MSFT_331_1,1
MSFT_332_1,1
MSFT_333_0,0
MSFT_334_1,1
MSFT_335_1,1
MSFT_336_0,0
MSFT_337_0,0
MSFT_338_0,0
MSFT_339_0,0
MSFT_340_1,1
MSFT_341_0,0
MSFT_342_1,1
MSFT_343_1,1
MSFT_344_1,1
MSFT_345_1,1
MSFT_346_1,1
MSFT_347_0,0
MSFT_348_1,1
MSFT_349_1,1
MSFT_350_0,0
MSFT_351_1,1
MSFT_352_1,1
MSFT_353_0,0
MSFT_354_1,1
MSFT_355_1,1
MSFT_356_0,0
MSFT_357_1,1
MSFT_358_1,1
MSFT_359_0,0
MSFT_360_0,0
MSFT_361_0,0
MSFT_362_1,1
MSFT_363_1,1
MSFT_364_0,0
MSFT_365_0,0
MSFT_366_0,0
MSFT_367_0,0
MSFT_368_0,0
MSFT_369_1,1
MSFT_370_0,0
MSFT_371_1,1
MSFT_372_0,0
MSFT_373_0,0
MSFT_374_1,1
MSFT_375_0,0
MSFT_376_1,1
MSFT_377_1,1
MSFT_378_1,1
MSFT_379_1,1
MSFT_380_0,0
MSFT_381_0,0
MSFT_382_0,0
MSFT_383_1,1
MSFT_384_1,1
MSFT_385_0,0
MSFT_386_0,0
MSFT_387_0,0
MSFT_388_0,0
MSFT_389_0,0
MSFT_390_1,1
MSFT_391_1,1
MSFT_392_1,1
MSFT_393_0,0
MSFT_394_0,0
MSFT_395_1,1
MSFT_396_1,1
MSFT_397_0,0
MSFT_398_1,1
MSFT_399_1,1
MSFT_400_0,0
MSFT_401_1,1
MSFT_402_1,1
MSFT_403_0,0
MSFT_404_0,0
MSFT_405_0,0
MSFT_406_1,1
MSFT_407_0,0
MSFT_408_1,1
MSFT_409_1,1
MSFT_410_0,0
MSFT_411_1,1
MSFT_412_0,0
MSFT_413_0,0
MSFT_414_0,0
MSFT_415_0,0
MSFT_416_0,0
MSFT_417_1,1
MSFT_418_1,1
MSFT_419_0,0
MSFT_420_0,0
MSFT_421_0,0
MSFT_422_1,1
MSFT_423_1,1
MSFT_424_1,1
MSFT_425_0,0
MSFT_426_1,1
MSFT_427_0,0
MSFT_428_1,1
MSFT_429_1,1
MSFT_430_1,1
MSFT_431_1,1
MSFT_432_1,1
MSFT_433_0,0
MSFT_434_1,1
MSFT_435_0,0
MSFT_436_1,1
MSFT_437_1,1
MSFT_438_1,1
MSFT_439_1,1
MSFT_440_1,1
MSFT_441_1,1
MSFT_442_1,1
MSFT_443_1,1
MSFT_444_1,1
MSFT_445_0,0
MSFT_446_0,0
MSFT_447_1,1
MSFT_448_0,0
MSFT_449_0,0
MSFT_450_1,1
MSFT_451_0,0
MSFT_452_0,0
MSFT_453_0,0
MSFT_454_1,1
MSFT_455_1,1
MSFT_456_1,1
MSFT_457_1,1
MSFT_458_1,1
MSFT_459_1,1
MSFT_460_0,0
MSFT_461_0,0
MSFT_462_0,0
MSFT_463_0,0
MSFT_464_1,1
MSFT_465_0,0
MSFT_466_1,1
MSFT_467_0,0
MSFT_468_0,0
MSFT_469_0,0
MSFT_470_1,1
MSFT_471_0,0
MSFT_472_1,1
MSFT_473_1,1
MSFT_474_1,1
MSFT_475_1,1
MSFT_476_1,1
MSFT_477_1,1
MSFT_478_1,1
MSFT_479_0,0
MSFT_480_1,1
MSFT_481_0,0
MSFT_482_1,1
MSFT_483_0,0
MSFT_484_1,1
MSFT_485_0,0
MSFT_486_1,1
MSFT_487_0,0
MSFT_488_1,1
MSFT_489_1,1
MSFT_490_1,1
MSFT_491_0,0
MSFT_492_0,0
MSFT_493_0,0
MSFT_494_1,1
MSFT_495_0,0
MSFT_496_1,1
MSFT_497_0,0
MSFT_498_1,1
MSFT_499_1,1
MSFT_500_1,1
MSFT_501_1,1
MSFT_502_0,0
MSFT_503_1,1
MSFT_504_1,1
MSFT_505_1,1
MSFT_506_0,0
MSFT_507_1,1
MSFT_508_0,0
MSFT_509_1,1
MSFT_510_1,1
MSFT_511_0,0
MSFT_512_0,0
MSFT_513_1,1
MSFT_514_1,1
MSFT_515_0,0
MSFT_516_1,1
MSFT_517_1,1
MSFT_518_0,0
MSFT_519_1,1
MSFT_520_1,1
MSFT_521_1,1
MSFT_522_0,0
MSFT_523_1,1
MSFT_524_0,0
MSFT_525_0,0
MSFT_526_1,1
MSFT_527_0,0
MSFT_528_0,0
MSFT_529_0,0
MSFT_530_0,0
MSFT_531_0,0
MSFT_532_1,1
MSFT_533_1,1
MSFT_534_1,1
MSFT_535_0,0
MSFT_536_1,1
MSFT_537_0,0
MSFT_538_1,1
MSFT_539_0,0
MSFT_540_0,0
MSFT_541_0,0
MSFT_542_1,1
MSFT_543_1,1
MSFT_544_0,0
MSFT_545_1,1
MSFT_546_0,0
MSFT_547_0,0
MSFT_548_1,1
MSFT_549_0,0
MSFT_550_0,0
MSFT_551_0,0
MSFT_552_1,1
MSFT_553_0,0
MSFT_554_0,0
MSFT_555_1,1
MSFT_556_0,0
MSFT_557_0,0
MSFT_558_1,1
MSFT_559_1,1
MSFT_560_1,1
MSFT_561_1,1
MSFT_562_0,0
MSFT_563_1,1
MSFT_564_1,1
MSFT_565_0,0
MSFT_566_0,0
MSFT_567_0,0
MSFT_568_1,1
MSFT_569_1,1
MSFT_570_0,0
MSFT_571_0,0
MSFT_572_1,1
MSFT_573_0,0
MSFT_574_1,1
MSFT_575_1,1
MSFT_576_1,1
MSFT_577_1,1
MSFT_578_1,1
MSFT_579_0,0
MSFT_580_0,0
MSFT_581_1,1
MSFT_582_0,0
MSFT_583_0,0
MSFT_584_0,0
MSFT_585_1,1
MSFT_586_0,0
MSFT_587_0,0
MSFT_588_1,1
MSFT_589_0,0
MSFT_590_0,0
MSFT_591_1,1
MSFT_592_1,1
MSFT_593_0,0
MSFT_594_1,1
MSFT_595_1,1
MSFT_596_0,0
MSFT_597_1,1
MSFT_598_0,0
MSFT_599_0,0
MSFT_600_0,0
MSFT_601_1,1
MSFT_602_1,1
MSFT_603_1,1
MSFT_604_1,1
MSFT_605_0,0
MSFT_606_0,0
MSFT_607_0,0
MSFT_608_1,1
MSFT_609_1,1
MSFT_610_1,1
MSFT_611_0,0
MSFT_612_0,0
MSFT_613_0,0
MSFT_614_0,0
MSFT_615_1,1
MSFT_616_0,0
MSFT_617_0,0
MSFT_618_1,1
MSFT_619_1,1
MSFT_620_1,1
MSFT_621_0,0
MSFT_622_1,1
MSFT_623_1,1
MSFT_624_0,0
MSFT_625_1,1
MSFT_626_1,1
MSFT_627_0,0
MSFT_628_1,1
MSFT_629_1,1
MSFT_630_1,1
MSFT_631_0,0
MSFT_632_1,1
MSFT_633_1,1
MSFT_634_0,0
MSFT_635_1,1
MSFT_636_0,0
MSFT_637_1,1
MSFT_638_1,1
MSFT_639_1,1
MSFT_640_0,0
MSFT_641_1,1
MSFT_642_0,0
MSFT_643_1,1
MSFT_644_1,1
MSFT_645_1,1
MSFT_646_0,0
MSFT_647_0,0
MSFT_648_1,1
MSFT_649_0,0
MSFT_650_0,0
MSFT_651_1,1
MSFT_652_0,0
MSFT_653_0,0
MSFT_654_1,1
MSFT_655_1,1
MSFT_656_0,0
MSFT_657_1,1
MSFT_658_1,1
MSFT_659_0,0
MSFT_660_1,1
MSFT_661_1,1
MSFT_662_0,0
MSFT_663_1,1
MSFT_664_1,1
MSFT_665_1,1
MSFT_666_1,1
MSFT_667_0,0
MSFT_668_0,0
MSFT_669_1,1
MSFT_670_1,1
MSFT_671_1,1
MSFT_672_0,0
MSFT_673_0,0
MSFT_674_1,1
MSFT_675_0,0
MSFT_676_0,0
MSFT_677_1,1
MSFT_678_0,0
MSFT_679_1,1
MSFT_680_0,0
MSFT_681_1,1
MSFT_682_0,0
MSFT_683_1,1
MSFT_684_0,0
MSFT_685_1,1
MSFT_686_0,0
MSFT_687_1,1
MSFT_688_0,0
MSFT_689_1,1
MSFT_690_1,1
MSFT_691_1,1
MSFT_692_0,0
MSFT_693_0,0
MSFT_694_0,0
MSFT_695_0,0
MSFT_696_1,1
MSFT_697_0,0
MSFT_698_1,1
MSFT_699_0,0
MSFT_700_1,1
MSFT_701_0,0
MSFT_702_1,1
MSFT_703_1,1
MSFT_704_0,0
MSFT_705_1,1
MSFT_706_1,1
MSFT_707_0,0
MSFT_708_1,1
MSFT_709_0,0
MSFT_710_0,0
MSFT_711_0,0
MSFT_712_0,0
MSFT_713_1,1
MSFT_714_0,0
MSFT_715_0,0
MSFT_716_1,1
MSFT_717_1,1
MSFT_718_1,1
MSFT_719_1,1
MSFT_720_1,1
MSFT_721_1,1
MSFT_722_1,1
MSFT_723_1,1
MSFT_724_1,1
MSFT_725_1,1
MSFT_726_0,0
MSFT_727_1,1
MSFT_728_1,1
MSFT_729_1,1
MSFT_730_1,1
MSFT_731_0,0
MSFT_732_1,1
MSFT_733_0,0
MSFT_734_1,1
MSFT_735_0,0
MSFT_736_0,0
MSFT_737_1,1
MSFT_738_0,0
MSFT_739_1,1
MSFT_740_0,0
MSFT_741_1,1
MSFT_742_1,1
MSFT_743_1,1
MSFT_744_0,0
MSFT_745_1,1
MSFT_746_1,1
MSFT_747_0,0
MSFT_748_0,0
MSFT_749_0,0
MSFT_750_1,1
MSFT_751_1,1
MSFT_752_1,1
MSFT_753_0,0
MSFT_754_0,0
MSFT_755_1,1
MSFT_756_1,1
MSFT_757_1,1
MSFT_758_0,0
MSFT_759_0,0
MSFT_760_1,1
MSFT_761_1,1
MSFT_762_1,1
MSFT_763_0,0
MSFT_764_1,1
MSFT_765_1,1
MSFT_766_0,0
MSFT_767_1,1
MSFT_768_1,1
MSFT_769_1,1
MSFT_770_0,0
MSFT_771_1,1
MSFT_772_0,0
MSFT_773_0,0
MSFT_774_0,0
MSFT_775_1,1
MSFT_776_0,0
MSFT_777_1,1
MSFT_778_0,0
MSFT_779_1,1
MSFT_780_1,1
MSFT_781_1,1
MSFT_782_1,1
MSFT_783_0,0
MSFT_784_1,1
MSFT_785_1,1
MSFT_786_0,0
MSFT_787_0,0
MSFT_788_0,0
MSFT_789_0,0
MSFT_790_0,0
MSFT_791_1,1
MSFT_792_0,0
MSFT_793_1,1
MSFT_794_0,0
MSFT_795_1,1
MSFT_796_1,1
MSFT_797_1,1
MSFT_798_1,1
MSFT_799_1,1
MSFT_800_0,0
MSFT_801_0,0
MSFT_802_1,1
MSFT_803_0,0
MSFT_804_1,1
MSFT_805_0,0
MSFT_806_0,0
MSFT_807_1,1
MSFT_808_0,0
MSFT_809_0,0
MSFT_810_0,0
MSFT_811_0,0
MSFT_812_1,1
MSFT_813_1,1
MSFT_814_1,1
MSFT_815_1,1
MSFT_816_0,0
MSFT_817_1,1
MSFT_818_0,0
MSFT_819_0,0
MSFT_820_1,1
MSFT_821_1,1
MSFT_822_1,1
MSFT_823_0,0
MSFT_824_1,1
MSFT_825_0,0
MSFT_826_1,1
MSFT_827_1,1
MSFT_828_1,1
MSFT_829_0,0
MSFT_830_1,1
MSFT_831_0,0
MSFT_832_0,0
MSFT_833_1,1
MSFT_834_1,1
MSFT_835_0,0
MSFT_836_0,0
MSFT_837_0,0
MSFT_838_0,0
MSFT_839_1,1
MSFT_840_1,1
MSFT_841_0,0
MSFT_842_1,1
MSFT_843_1,1
MSFT_844_1,1
MSFT_845_1,1
MSFT_846_0,0
MSFT_847_0,0
MSFT_848_1,1
MSFT_849_0,0
MSFT_850_1,1
MSFT_851_0,0
MSFT_852_0,0
MSFT_853_1,1
MSFT_854_1,1
MSFT_855_0,0
MSFT_856_0,0
MSFT_857_0,0
MSFT_858_1,1
MSFT_859_0,0
MSFT_860_1,1
MSFT_861_0,0
MSFT_862_0,0
MSFT_863_1,1
MSFT_864_0,0
MSFT_865_1,1
MSFT_866_0,0
MSFT_867_0,0
MSFT_868_0,0
MSFT_869_1,1
MSFT_870_1,1
MSFT_871_1,1
MSFT_872_0,0
MSFT_873_1,1
MSFT_874_0,0
MSFT_875_1,1
MSFT_876_1,1
MSFT_877_0,0
MSFT_878_0,0
MSFT_879_1,1
MSFT_880_1,1
MSFT_881_1,1
MSFT_882_0,0
MSFT_883_1,1
MSFT_884_1,1
MSFT_885_0,0
MSFT_886_1,1
MSFT_887_1,1
MSFT_888_1,1
MSFT_889_0,0
MSFT_890_1,1
MSFT_891_0,0
MSFT_892_1,1
MSFT_893_0,0
MSFT_894_1,1
MSFT_895_1,1
MSFT_896_0,0
MSFT_897_0,0
MSFT_898_0,0
MSFT_899_0,0
MSFT_900_0,0
MSFT_901_0,0
MSFT_902_0,0
MSFT_903_1,1
MSFT_904_1,1
MSFT_905_0,0
MSFT_906_0,0
MSFT_907_1,1
MSFT_908_1,1
MSFT_909_0,0
MSFT_910_1,1
MSFT_911_1,1
MSFT_912_1,1
MSFT_913_0,0
MSFT_914_1,1
MSFT_915_0,0
MSFT_916_1,1
MSFT_917_1,1
MSFT_918_0,0
MSFT_919_1,1
MSFT_920_1,1
MSFT_921_0,0
MSFT_922_1,1
MSFT_923_1,1
MSFT_924_0,0
MSFT_925_0,0
MSFT_926_0,0
MSFT_927_1,1
MSFT_928_0,0
MSFT_929_0,0
MSFT_930_0,0
MSFT_931_1,1
MSFT_932_0,0
MSFT_933_1,1
MSFT_934_1,1
MSFT_935_0,0
MSFT_936_0,0
MSFT_937_1,1
MSFT_938_0,0
MSFT_939_1,1
MSFT_940_1,1
MSFT_941_0,0
MSFT_942_0,0
MSFT_943_0,0
MSFT_944_0,0
MSFT_945_1,1
MSFT_946_1,1
MSFT_947_0,0
MSFT_948_1,1
MSFT_949_1,1
MSFT_950_1,1
MSFT_951_1,1
MSFT_952_0,0
MSFT_953_1,1
MSFT_954_0,0
MSFT_955_1,1
MSFT_956_0,0
MSFT_957_1,1
MSFT_958_1,1
MSFT_959_1,1
MSFT_960_1,1
MSFT_961_1,1
MSFT_962_0,0
MSFT_963_0,0
MSFT_964_1,1
MSFT_965_1,1
MSFT_966_0,0
MSFT_967_1,1
MSFT_968_1,1
MSFT_969_1,1
MSFT_970_0,0
MSFT_971_0,0
MSFT_972_0,0
MSFT_973_1,1
MSFT_974_0,0
MSFT_975_0,0
MSFT_976_0,0
MSFT_977_1,1
MSFT_978_1,1
MSFT_979_1,1
MSFT_980_0,0
MSFT_981_1,1
MSFT_982_1,1
MSFT_983_1,1
MSFT_984_1,1
MSFT_985_1,1
MSFT_986_1,1
MSFT_987_0,0
MSFT_988_1,1
MSFT_989_1,1
MSFT_990_0,0
MSFT_991_1,1
MSFT_992_0,0
MSFT_993_0,0
MSFT_994_1,1
MSFT_995_0,0
MSFT_996_0,0
MSFT_997_1,1
MSFT_998_1,1
MSFT_999_0,0
MSFT_1000_1,1
MSFT_1001_0,0
MSFT_1002_1,1
MSFT_1003_0,0
MSFT_1004_0,0
MSFT_1005_1,1
MSFT_1006_1,1
MSFT_1007_1,1
MSFT_1008_0,0
MSFT_1009_1,1
MSFT_1010_1,1
MSFT_1011_0,0
MSFT_1012_1,1
MSFT_1013_0,0
MSFT_1014_1,1
MSFT_1015_0,0
MSFT_1016_1,1
MSFT_1017_0,0
MSFT_1018_1,1
MSFT_1019_0,0
MSFT_1020_1,1
MSFT_1021_0,0
MSFT_1022_1,1
MSFT_1023_1,1
MSFT_1024_1,1
MSFT_1025_0,0
MSFT_1026_1,1
MSFT_1027_1,1
MSFT_1028_0,0
MSFT_1029_0,0
MSFT_1030_0,0
MSFT_1031_1,1
MSFT_1032_0,0
MSFT_1033_0,0
MSFT_1034_0,0
MSFT_1035_0,0
MSFT_1036_1,1
MSFT_1037_1,1
MSFT_1038_1,1
MSFT_1039_1,1
MSFT_1040_1,1
MSFT_1041_0,0
MSFT_1042_0,0
MSFT_1043_0,0
MSFT_1044_1,1
MSFT_1045_0,0
MSFT_1046_1,1
MSFT_1047_1,1
MSFT_1048_1,1
MSFT_1049_1,1
MSFT_1050_1,1
MSFT_1051_0,0
MSFT_1052_1,1
MSFT_1053_0,0
MSFT_1054_1,1
MSFT_1055_1,1
MSFT_1056_0,0
MSFT_1057_1,1
MSFT_1058_1,1
MSFT_1059_1,1
MSFT_1060_1,1
MSFT_1061_1,1
MSFT_1062_0,0
MSFT_1063_1,1
MSFT_1064_1,1
MSFT_1065_0,0
MSFT_1066_0,0
MSFT_1067_0,0
MSFT_1068_1,1
MSFT_1069_1,1
MSFT_1070_0,0
MSFT_1071_0,0
MSFT_1072_1,1
MSFT_1073_1,1
MSFT_1074_0,0
MSFT_1075_1,1
MSFT_1076_0,0
MSFT_1077_0,0
MSFT_1078_1,1
MSFT_1079_1,1
MSFT_1080_1,1
MSFT_1081_1,1
MSFT_1082_0,0
MSFT_1083_1,1
MSFT_1084_0,0
MSFT_1085_0,0
MSFT_1086_0,0
MSFT_1087_0,0
MSFT_1088_0,0
MSFT_1089_0,0
MSFT_1090_1,1
MSFT_1091_1,1
MSFT_1092_0,0
MSFT_1093_1,1
MSFT_1094_0,0
MSFT_1095_1,1
MSFT_1096_0,0
MSFT_1097_1,1
MSFT_1098_0,0
MSFT_1099_0,0
MSFT_1100_1,1
MSFT_1101_0,0
MSFT_1102_1,1
MSFT_1103_0,0
MSFT_1104_0,0
MSFT_1105_0,0
MSFT_1106_0,0
MSFT_1107_1,1
MSFT_1108_1,1
MSFT_1109_0,0
MSFT_1110_0,0
MSFT_1111_1,1
MSFT_1112_1,1
MSFT_1113_0,0
MSFT_1114_1,1
MSFT_1115_1,1
MSFT_1116_0,0
MSFT_1117_0,0
MSFT_1118_0,0
MSFT_1119_1,1
MSFT_1120_0,0
MSFT_1121_1,1
MSFT_1122_0,0
MSFT_1123_0,0
MSFT_1124_0,0
MSFT_1125_1,1
MSFT_1126_1,1
MSFT_1127_1,1
MSFT_1128_0,0
MSFT_1129_0,0
MSFT_1130_1,1
MSFT_1131_0,0
MSFT_1132_1,1
MSFT_1133_0,0
MSFT_1134_1,1
MSFT_1135_0,0
MSFT_1136_0,0
MSFT_1137_0,0
MSFT_1138_1,1
MSFT_1139_0,0
MSFT_1140_1,1
MSFT_1141_0,0
MSFT_1142_0,0
MSFT_1143_0,0
MSFT_1144_0,0
MSFT_1145_0,0
MSFT_1146_1,1
MSFT_1147_0,0
MSFT_1148_1,1
MSFT_1149_1,1
MSFT_1150_1,1
MSFT_1151_0,0
MSFT_1152_0,0
MSFT_1153_1,1
MSFT_1154_0,0
MSFT_1155_1,1
MSFT_1156_1,1
MSFT_1157_1,1
MSFT_1158_0,0
MSFT_1159_1,1
MSFT_1160_1,1
MSFT_1161_1,1
MSFT_1162_1,1
MSFT_1163_1,1
MSFT_1164_1,1
MSFT_1165_1,1
MSFT_1166_0,0
MSFT_1167_1,1
MSFT_1168_0,0
MSFT_1169_1,1
MSFT_1170_1,1
MSFT_1171_1,1
MSFT_1172_0,0
MSFT_1173_1,1
MSFT_1174_1,1
MSFT_1175_0,0
MSFT_1176_0,0
MSFT_1177_1,1
MSFT_1178_0,0
MSFT_1179_1,1
MSFT_1180_1,1
MSFT_1181_0,0
MSFT_1182_0,0
MSFT_1183_1,1
MSFT_1184_1,1
MSFT_1185_0,0
MSFT_1186_1,1
MSFT_1187_1,1
MSFT_1188_0,0
MSFT_1189_1,1
MSFT_1190_0,0
MSFT_1191_1,1
MSFT_1192_1,1
MSFT_1193_0,0
MSFT_1194_0,0
MSFT_1195_1,1
MSFT_1196_1,1
MSFT_1197_1,1
MSFT_1198_0,0
MSFT_1199_1,1
MSFT_1200_0,0
MSFT_1201_0,0
MSFT_1202_0,0
MSFT_1203_1,1
MSFT_1204_1,1
MSFT_1205_1,1
MSFT_1206_0,0
MSFT_1207_1,1
MSFT_1208_0,0
MSFT_1209_1,1
MSFT_1210_1,1
MSFT_1211_0,0
MSFT_1212_0,0
MSFT_1213_1,1
MSFT_1214_0,0
MSFT_1215_0,0
MSFT_1216_1,1
MSFT_1217_1,1
MSFT_1218_0,0
MSFT_1219_0,0
MSFT_1220_1,1
MSFT_1221_1,1
MSFT_1222_1,1
MSFT_1223_1,1
MSFT_1224_1,1
MSFT_1225_1,1
MSFT_1226_1,1
MSFT_1227_1,1
MSFT_1228_1,1
MSFT_1229_1,1
MSFT_1230_0,0
MSFT_1231_0,0
MSFT_1232_0,0
MSFT_1233_0,0
MSFT_1234_1,1
MSFT_1235_0,0
MSFT_1236_0,0
MSFT_1237_0,0
MSFT_1238_0,0
MSFT_1239_0,0
MSFT_1240_0,0
MSFT_1241_0,0
MSFT_1242_0,0
MSFT_1243_0,0
MSFT_1244_0,0
MSFT_1245_1,1
MSFT_1246_1,1
MSFT_1247_1,1
MSFT_1248_1,1
MSFT_1249_0,0
MSFT_1250_0,0
MSFT_1251_1,1
MSFT_1252_0,0
MSFT_1253_0,0
MSFT_1254_0,0
MSFT_1255_0,0
MSFT_1256_0,0
MSFT_1257_0,0
MSFT_1258_1,1
MSFT_1259_0,0
MSFT_1260_0,0
MSFT_1261_1,1
MSFT_1262_0,0
MSFT_1263_0,0
MSFT_1264_1,1
MSFT_1265_1,1
MSFT_1266_1,1
MSFT_1267_1,1
MSFT_1268_0,0
MSFT_1269_1,1
MSFT_1270_0,0
MSFT_1271_1,1
MSFT_1272_0,0
MSFT_1273_1,1
MSFT_1274_1,1
MSFT_1275_0,0
MSFT_1276_0,0
MSFT_1277_0,0
MSFT_1278_1,1
MSFT_1279_0,0
MSFT_1280_1,1
MSFT_1281_1,1
MSFT_1282_1,1
MSFT_1283_1,1
MSFT_1284_1,1
MSFT_1285_1,1
MSFT_1286_0,0
MSFT_1287_1,1
MSFT_1288_0,0
MSFT_1289_1,1
MSFT_1290_1,1
MSFT_1291_0,0
MSFT_1292_1,1
MSFT_1293_1,1
MSFT_1294_1,1
MSFT_1295_0,0
MSFT_1296_0,0
MSFT_1297_1,1
MSFT_1298_0,0
MSFT_1299_1,1
MSFT_1300_0,0
MSFT_1301_0,0
MSFT_1302_0,0
MSFT_1303_0,0
MSFT_1304_0,0
MSFT_1305_1,1
MSFT_1306_0,0
MSFT_1307_1,1
MSFT_1308_1,1
MSFT_1309_1,1
MSFT_1310_1,1
MSFT_1311_1,1
MSFT_1312_1,1
MSFT_1313_0,0
MSFT_1314_0,0
MSFT_1315_0,0
MSFT_1316_1,1
MSFT_1317_0,0
MSFT_1318_1,1
MSFT_1319_1,1
MSFT_1320_0,0
MSFT_1321_1,1
MSFT_1322_0,0
MSFT_1323_1,1
MSFT_1324_1,1
MSFT_1325_0,0
MSFT_1326_1,1
MSFT_1327_1,1
MSFT_1328_1,1
MSFT_1329_0,0
MSFT_1330_0,0
MSFT_1331_1,1
MSFT_1332_1,1
MSFT_1333_0,0
MSFT_1334_0,0
MSFT_1335_1,1
MSFT_1336_0,0
MSFT_1337_1,1
MSFT_1338_0,0
MSFT_1339_0,0
MSFT_1340_1,1
MSFT_1341_0,0
MSFT_1342_1,1
MSFT_1343_0,0
MSFT_1344_0,0
MSFT_1345_1,1
MSFT_1346_0,0
MSFT_1347_1,1
MSFT_1348_0,0
MSFT_1349_1,1
MSFT_1350_1,1
MSFT_1351_0,0
MSFT_1352_0,0
MSFT_1353_0,0
MSFT_1354_0,0
MSFT_1355_0,0
MSFT_1356_1,1
MSFT_1357_1,1
MSFT_1358_0,0
MSFT_1359_0,0
MSFT_1360_1,1
MSFT_1361_0,0
MSFT_1362_0,0
MSFT_1363_0,0
MSFT_1364_0,0
MSFT_1365_0,0
MSFT_1366_1,1
MSFT_1367_1,1
MSFT_1368_1,1
MSFT_1369_1,1
MSFT_1370_1,1
MSFT_1371_0,0
MSFT_1372_0,0
MSFT_1373_1,1
MSFT_1374_1,1
MSFT_1375_0,0
MSFT_1376_1,1
MSFT_1377_0,0
MSFT_1378_0,0
MSFT_1379_1,1
MSFT_1380_0,0
MSFT_1381_0,0
MSFT_1382_1,1
MSFT_1383_0,0
MSFT_1384_1,1
MSFT_1385_0,0
MSFT_1386_0,0
MSFT_1387_0,0
MSFT_1388_1,1
MSFT_1389_0,0
MSFT_1390_0,0
MSFT_1391_1,1
MSFT_1392_0,0
MSFT_1393_1,1
MSFT_1394_1,1
MSFT_1395_1,1
MSFT_1396_1,1
MSFT_1397_0,0
MSFT_1398_1,1
MSFT_1399_1,1
MSFT_1400_1,1
MSFT_1401_1,1
MSFT_1402_1,1
MSFT_1403_0,0
MSFT_1404_1,1
MSFT_1405_1,1
MSFT_1406_1,1
MSFT_1407_0,0
MSFT_1408_1,1
MSFT_1409_0,0
MSFT_1410_1,1
MSFT_1411_1,1
MSFT_1412_1,1
MSFT_1413_1,1
MSFT_1414_1,1
MSFT_1415_0,0
MSFT_1416_0,0
MSFT_1417_0,0
MSFT_1418_0,0
MSFT_1419_1,1
MSFT_1420_0,0
MSFT_1421_0,0
MSFT_1422_1,1
MSFT_1423_0,0
MSFT_1424_0,0
MSFT_1425_0,0
MSFT_1426_1,1
MSFT_1427_1,1
MSFT_1428_0,0
MSFT_1429_1,1
MSFT_1430_0,0
MSFT_1431_0,0
MSFT_1432_1,1
MSFT_1433_1,1
MSFT_1434_1,1
MSFT_1435_1,1
MSFT_1436_0,0
MSFT_1437_0,0
MSFT_1438_1,1
MSFT_1439_1,1
MSFT_1440_1,1
MSFT_1441_1,1
MSFT_1442_1,1
MSFT_1443_1,1
MSFT_1444_1,1
MSFT_1445_0,0
MSFT_1446_1,1
MSFT_1447_1,1
MSFT_1448_0,0
MSFT_1449_0,0
MSFT_1450_0,0
MSFT_1451_0,0
MSFT_1452_1,1
MSFT_1453_0,0
MSFT_1454_1,1
MSFT_1455_1,1
MSFT_1456_1,1
MSFT_1457_1,1
MSFT_1458_1,1
MSFT_1459_1,1
MSFT_1460_0,0
MSFT_1461_0,0
MSFT_1462_1,1
MSFT_1463_1,1
MSFT_1464_0,0
MSFT_1465_1,1
MSFT_1466_0,0
MSFT_1467_0,0
MSFT_1468_0,0
MSFT_1469_0,0
MSFT_1470_0,0
MSFT_1471_1,1
MSFT_1472_0,0
MSFT_1473_0,0
MSFT_1474_0,0
MSFT_1475_1,1
MSFT_1476_1,1
MSFT_1477_0,0
MSFT_1478_1,1
MSFT_1479_1,1
MSFT_1480_0,0
MSFT_1481_1,1
MSFT_1482_1,1
MSFT_1483_0,0
MSFT_1484_0,0
MSFT_1485_1,1
MSFT_1486_0,0
MSFT_1487_1,1
MSFT_1488_1,1
MSFT_1489_0,0
MSFT_1490_1,1
MSFT_1491_0,0
MSFT_1492_1,1
MSFT_1493_0,0
MSFT_1494_1,1
MSFT_1495_1,1
MSFT_1496_0,0
MSFT_1497_1,1
MSFT_1498_1,1
MSFT_1499_1,1
MSFT_1500_1,1
MSFT_1501_0,0
MSFT_1502_0,0
MSFT_1503_1,1
MSFT_1504_0,0
MSFT_1505_1,1
MSFT_1506_1,1
MSFT_1507_1,1
MSFT_1508_0,0
MSFT_1509_0,0
MSFT_1510_1,1
MSFT_1511_1,1
MSFT_1512_0,0
MSFT_1513_0,0
MSFT_1514_0,0
MSFT_1515_0,0
MSFT_1516_1,1
MSFT_1517_1,1
MSFT_1518_1,1
MSFT_1519_1,1
MSFT_1520_0,0
MSFT_1521_0,0
MSFT_1522_1,1
MSFT_1523_1,1
MSFT_1524_1,1
MSFT_1525_1,1
MSFT_1526_1,1
MSFT_1527_0,0
MSFT_1528_0,0
MSFT_1529_0,0
MSFT_1530_0,0
MSFT_1531_1,1
MSFT_1532_0,0
MSFT_1533_1,1
MSFT_1534_0,0
MSFT_1535_1,1
MSFT_1536_0,0
MSFT_1537_1,1
MSFT_1538_0,0
MSFT_1539_1,1
MSFT_1540_1,1
MSFT_1541_1,1
MSFT_1542_1,1
MSFT_1543_1,1
MSFT_1544_0,0
MSFT_1545_1,1
MSFT_1546_1,1
MSFT_1547_0,0
MSFT_1548_0,0
MSFT_1549_0,0
MSFT_1550_0,0
MSFT_1551_1,1
MSFT_1552_1,1
MSFT_1553_1,1
MSFT_1554_0,0
MSFT_1555_0,0
MSFT_1556_0,0
MSFT_1557_1,1
MSFT_1558_0,0
MSFT_1559_1,1
MSFT_1560_0,0
MSFT_1561_1,1
MSFT_1562_1,1
MSFT_1563_1,1
MSFT_1564_0,0
MSFT_1565_1,1
MSFT_1566_1,1
MSFT_1567_0,0
MSFT_1568_0,0
MSFT_1569_1,1
MSFT_1570_0,0
MSFT_1571_1,1
MSFT_1572_0,0
MSFT_1573_1,1
MSFT_1574_1,1
MSFT_1575_0,0
MSFT_1576_0,0
MSFT_1577_1,1
MSFT_1578_1,1
MSFT_1579_1,1
MSFT_1580_1,1
MSFT_1581_0,0
MSFT_1582_1,1
MSFT_1583_1,1
MSFT_1584_1,1
MSFT_1585_1,1
MSFT_1586_1,1
MSFT_1587_1,1
MSFT_1588_1,1
MSFT_1589_0,0
MSFT_1590_0,0
MSFT_1591_0,0
MSFT_1592_1,1
MSFT_1593_1,1
MSFT_1594_1,1
MSFT_1595_1,1
MSFT_1596_0,0
MSFT_1597_0,0
MSFT_1598_0,0
MSFT_1599_0,0
MSFT_1600_0,0
MSFT_1601_0,0
MSFT_1602_1,1
MSFT_1603_1,1
MSFT_1604_1,1
MSFT_1605_0,0
MSFT_1606_1,1
MSFT_1607_0,0
MSFT_1608_0,0
MSFT_1609_1,1
MSFT_1610_0,0
MSFT_1611_0,0
MSFT_1612_0,0
MSFT_1613_1,1
MSFT_1614_1,1
MSFT_1615_0,0
MSFT_1616_1,1
MSFT_1617_1,1
MSFT_1618_0,0
MSFT_1619_1,1
MSFT_1620_0,0
MSFT_1621_1,1
MSFT_1622_0,0
MSFT_1623_1,1
MSFT_1624_0,0
MSFT_1625_0,0
MSFT_1626_0,0
MSFT_1627_0,0
MSFT_1628_1,1
MSFT_1629_0,0
MSFT_1630_0,0
MSFT_1631_1,1
MSFT_1632_1,1
MSFT_1633_1,1
MSFT_1634_1,1
MSFT_1635_1,1
MSFT_1636_0,0
MSFT_1637_0,0
MSFT_1638_1,1
MSFT_1639_1,1
MSFT_1640_1,1
MSFT_1641_0,0
MSFT_1642_0,0
MSFT_1643_0,0
MSFT_1644_1,1
MSFT_1645_1,1
MSFT_1646_0,0
MSFT_1647_0,0
MSFT_1648_1,1
MSFT_1649_0,0
MSFT_1650_1,1
MSFT_1651_1,1
MSFT_1652_1,1
MSFT_1653_0,0
MSFT_1654_0,0
MSFT_1655_1,1
MSFT_1656_0,0
MSFT_1657_0,0
MSFT_1658_0,0
MSFT_1659_0,0
MSFT_1660_0,0
MSFT_1661_0,0
MSFT_1662_1,1
MSFT_1663_1,1
MSFT_1664_1,1
MSFT_1665_1,1
MSFT_1666_0,0
MSFT_1667_1,1
MSFT_1668_1,1
MSFT_1669_1,1
MSFT_1670_1,1
MSFT_1671_0,0
MSFT_1672_0,0
MSFT_1673_1,1
MSFT_1674_0,0
MSFT_1675_1,1
MSFT_1676_1,1
MSFT_1677_1,1
MSFT_1678_1,1
MSFT_1679_1,1
MSFT_1680_1,1
MSFT_1681_0,0
MSFT_1682_1,1
MSFT_1683_0,0
MSFT_1684_1,1
MSFT_1685_1,1
MSFT_1686_0,0
MSFT_1687_0,0
MSFT_1688_1,1
MSFT_1689_0,0
MSFT_1690_1,1
MSFT_1691_1,1
MSFT_1692_1,1
MSFT_1693_0,0
MSFT_1694_1,1
MSFT_1695_0,0
MSFT_1696_1,1
MSFT_1697_1,1
MSFT_1698_1,1
MSFT_1699_0,0
MSFT_1700_0,0
MSFT_1701_0,0
MSFT_1702_0,0
MSFT_1703_1,1
MSFT_1704_1,1
MSFT_1705_1,1
MSFT_1706_0,0
MSFT_1707_1,1
MSFT_1708_0,0
MSFT_1709_1,1
MSFT_1710_0,0
MSFT_1711_1,1
MSFT_1712_0,0
MSFT_1713_1,1
MSFT_1714_1,1
MSFT_1715_1,1
MSFT_1716_0,0
MSFT_1717_1,1
MSFT_1718_0,0
MSFT_1719_0,0
MSFT_1720_1,1
MSFT_1721_1,1
MSFT_1722_1,1
MSFT_1723_0,0
MSFT_1724_0,0
MSFT_1725_0,0
MSFT_1726_1,1
MSFT_1727_0,0
MSFT_1728_0,0
MSFT_1729_0,0
MSFT_1730_1,1
MSFT_1731_1,1
MSFT_1732_1,1
MSFT_1733_1,1
MSFT_1734_1,1
MSFT_1735_0,0
MSFT_1736_0,0
MSFT_1737_1,1
MSFT_1738_1,1
MSFT_1739_0,0
MSFT_1740_0,0
MSFT_1741_1,1
MSFT_1742_1,1
MSFT_1743_1,1
MSFT_1744_0,0
MSFT_1745_1,1
MSFT_1746_0,0
MSFT_1747_0,0
MSFT_1748_0,0
MSFT_1749_1,1
MSFT_1750_1,1
MSFT_1751_0,0
MSFT_1752_0,0
MSFT_1753_0,0
MSFT_1754_0,0
MSFT_1755_0,0
MSFT_1756_1,1
MSFT_1757_1,1
MSFT_1758_1,1
MSFT_1759_0,0
MSFT_1760_1,1
MSFT_1761_1,1
MSFT_1762_1,1
MSFT_1763_1,1
MSFT_1764_1,1
MSFT_1765_1,1
MSFT_1766_0,0
MSFT_1767_0,0
MSFT_1768_0,0
MSFT_1769_1,1
MSFT_1770_1,1
MSFT_1771_1,1
MSFT_1772_1,1
MSFT_1773_1,1
MSFT_1774_1,1
MSFT_1775_1,1
MSFT_1776_0,0
MSFT_1777_0,0
MSFT_1778_0,0
MSFT_1779_1,1
MSFT_1780_1,1
MSFT_1781_1,1
MSFT_1782_0,0
MSFT_1783_1,1
MSFT_1784_1,1
MSFT_1785_0,0
MSFT_1786_1,1
MSFT_1787_1,1
MSFT_1788_0,0
MSFT_1789_1,1
MSFT_1790_1,1
MSFT_1791_0,0
MSFT_1792_0,0
MSFT_1793_1,1
MSFT_1794_1,1
MSFT_1795_0,0
MSFT_1796_0,0
MSFT_1797_1,1
MSFT_1798_1,1
MSFT_1799_0,0
MSFT_1800_1,1
MSFT_1801_1,1
MSFT_1802_0,0
MSFT_1803_1,1
MSFT_1804_0,0
MSFT_1805_1,1
MSFT_1806_1,1
MSFT_1807_0,0
MSFT_1808_0,0
MSFT_1809_1,1
MSFT_1810_1,1
MSFT_1811_0,0
MSFT_1812_1,1
MSFT_1813_1,1
MSFT_1814_1,1
MSFT_1815_1,1
MSFT_1816_1,1
MSFT_1817_1,1
MSFT_1818_0,0
MSFT_1819_0,0
MSFT_1820_1,1
MSFT_1821_0,0
MSFT_1822_1,1
MSFT_1823_1,1
MSFT_1824_1,1
MSFT_1825_0,0
MSFT_1826_1,1
MSFT_1827_0,0
MSFT_1828_0,0
MSFT_1829_1,1
MSFT_1830_0,0
MSFT_1831_0,0
MSFT_1832_1,1
MSFT_1833_0,0
MSFT_1834_1,1
MSFT_1835_1,1
MSFT_1836_1,1
MSFT_1837_1,1
MSFT_1838_1,1
MSFT_1839_0,0
MSFT_1840_0,0
MSFT_1841_0,0
MSFT_1842_0,0
MSFT_1843_1,1
MSFT_1844_0,0
MSFT_1845_0,0
MSFT_1846_1,1
MSFT_1847_0,0
MSFT_1848_1,1
MSFT_1849_0,0
MSFT_1850_1,1
MSFT_1851_0,0
MSFT_1852_1,1
MSFT_1853_1,1
MSFT_1854_0,0
MSFT_1855_1,1
MSFT_1856_0,0
MSFT_1857_1,1
MSFT_1858_0,0
MSFT_1859_0,0
MSFT_1860_0,0
MSFT_1861_0,0
MSFT_1862_0,0
MSFT_1863_0,0
MSFT_1864_1,1
MSFT_1865_1,1
MSFT_1866_0,0
MSFT_1867_1,1
MSFT_1868_0,0
MSFT_1869_0,0
MSFT_1870_1,1
MSFT_1871_1,1
MSFT_1872_0,0
MSFT_1873_1,1
MSFT_1874_1,1
MSFT_1875_0,0
MSFT_1876_0,0
MSFT_1877_0,0
MSFT_1878_1,1
MSFT_1879_1,1
MSFT_1880_0,0
MSFT_1881_0,0
MSFT_1882_1,1
MSFT_1883_0,0
MSFT_1884_0,0
MSFT_1885_0,0
MSFT_1886_0,0
MSFT_1887_1,1
MSFT_1888_0,0
MSFT_1889_0,0
MSFT_1890_1,1
MSFT_1891_1,1
MSFT_1892_0,0
MSFT_1893_0,0
MSFT_1894_0,0
MSFT_1895_0,0
MSFT_1896_0,0
MSFT_1897_1,1
MSFT_1898_0,0
MSFT_1899_0,0
MSFT_1900_0,0
MSFT_1901_0,0
MSFT_1902_1,1
MSFT_1903_1,1
MSFT_1904_0,0
MSFT_1905_1,1
MSFT_1906_0,0
MSFT_1907_1,1
MSFT_1908_0,0
MSFT_1909_0,0
MSFT_1910_1,1
MSFT_1911_0,0
MSFT_1912_0,0
MSFT_1913_0,0
MSFT_1914_1,1
MSFT_1915_1,1
MSFT_1916_1,1
MSFT_1917_1,1
MSFT_1918_0,0
MSFT_1919_0,0
MSFT_1920_0,0
MSFT_1921_1,1
MSFT_1922_0,0
MSFT_1923_1,1
MSFT_1924_1,1
MSFT_1925_0,0
MSFT_1926_0,0
MSFT_1927_0,0
MSFT_1928_0,0
MSFT_1929_0,0
MSFT_1930_0,0
MSFT_1931_0,0
MSFT_1932_0,0
MSFT_1933_1,1
MSFT_1934_0,0
MSFT_1935_1,1
MSFT_1936_1,1
MSFT_1937_1,1
MSFT_1938_1,1
MSFT_1939_0,0
MSFT_1940_1,1
MSFT_1941_0,0
MSFT_1942_0,0
MSFT_1943_1,1
MSFT_1944_1,1
MSFT_1945_0,0
MSFT_1946_1,1
MSFT_1947_0,0
MSFT_1948_0,0
MSFT_1949_0,0
MSFT_1950_0,0
MSFT_1951_1,1
MSFT_1952_0,0
MSFT_1953_0,0
MSFT_1954_1,1
MSFT_1955_0,0
MSFT_1956_0,0
MSFT_1957_1,1
MSFT_1958_1,1
MSFT_1959_0,0
MSFT_1960_1,1
MSFT_1961_0,0
MSFT_1962_1,1
MSFT_1963_1,1
MSFT_1964_1,1
MSFT_1965_0,0
MSFT_1966_1,1
MSFT_1967_0,0
MSFT_1968_0,0
MSFT_1969_0,0
MSFT_1970_0,0
MSFT_1971_1,1
MSFT_1972_0,0
MSFT_1973_0,0
MSFT_1974_0,0
MSFT_1975_0,0
MSFT_1976_0,0
MSFT_1977_1,1
MSFT_1978_1,1
MSFT_1979_1,1
MSFT_1980_0,0
MSFT_1981_1,1
MSFT_1982_0,0
MSFT_1983_0,0
MSFT_1984_0,0
MSFT_1985_0,0
MSFT_1986_0,0
MSFT_1987_1,1
MSFT_1988_1,1
MSFT_1989_0,0
MSFT_1990_1,1
MSFT_1991_0,0
MSFT_1992_0,0
MSFT_1993_1,1
MSFT_1994_0,0
MSFT_1995_1,1
MSFT_1996_0,0
MSFT_1997_1,1
MSFT_1998_1,1
MSFT_1999_0,0
MSFT_2000_1,1
MSFT_2001_1,1
MSFT_2002_0,0
MSFT_2003_1,1
MSFT_2004_0,0
MSFT_2005_1,1
MSFT_2006_0,0
MSFT_2007_1,1
MSFT_2008_0,0
MSFT_2009_0,0
MSFT_2010_0,0
MSFT_2011_0,0
MSFT_2012_0,0
MSFT_2013_1,1
MSFT_2014_0,0
MSFT_2015_0,0
MSFT_2016_0,0
MSFT_2017_1,1
MSFT_2018_1,1
MSFT_2019_0,0
MSFT_2020_0,0
MSFT_2021_0,0
MSFT_2022_0,0
MSFT_2023_0,0
MSFT_2024_1,1
MSFT_2025_0,0
MSFT_2026_1,1
MSFT_2027_1,1
MSFT_2028_0,0
MSFT_2029_0,0
MSFT_2030_0,0
MSFT_2031_0,0
MSFT_2032_0,0
MSFT_2033_1,1
MSFT_2034_0,0
MSFT_2035_0,0
MSFT_2036_1,1
MSFT_2037_0,0
MSFT_2038_0,0
MSFT_2039_1,1
MSFT_2040_0,0
MSFT_2041_0,0
MSFT_2042_1,1
MSFT_2043_1,1
MSFT_2044_0,0
MSFT_2045_1,1
MSFT_2046_0,0
MSFT_2047_0,0
MSFT_2048_0,0
MSFT_2049_1,1
MSFT_2050_0,0
MSFT_2051_0,0
MSFT_2052_1,1
MSFT_2053_0,0
MSFT_2054_1,1
MSFT_2055_0,0
MSFT_2056_0,0
MSFT_2057_1,1
MSFT_2058_0,0
MSFT_2059_1,1
MSFT_2060_0,0
MSFT_2061_0,0
MSFT_2062_0,0
MSFT_2063_0,0
MSFT_2064_1,1
MSFT_2065_1,1
MSFT_2066_1,1
MSFT_2067_1,1
MSFT_2068_0,0
MSFT_2069_0,0
MSFT_2070_1,1
MSFT_2071_1,1
MSFT_2072_0,0
MSFT_2073_0,0
MSFT_2074_1,1
MSFT_2075_0,0
MSFT_2076_1,1
MSFT_2077_1,1
MSFT_2078_1,1
MSFT_2079_1,1
MSFT_2080_0,0
MSFT_2081_1,1
MSFT_2082_1,1
MSFT_2083_1,1
MSFT_2084_0,0
MSFT_2085_0,0
MSFT_2086_0,0
MSFT_2087_0,0
MSFT_2088_1,1
MSFT_2089_1,1
MSFT_2090_1,1
MSFT_2091_1,1
MSFT_2092_1,1
MSFT_2093_1,1
MSFT_2094_1,1
MSFT_2095_0,0
MSFT_2096_1,1
MSFT_2097_0,0
MSFT_2098_0,0
MSFT_2099_1,1
MSFT_2100_0,0
MSFT_2101_1,1
MSFT_2102_1,1
MSFT_2103_0,0
MSFT_2104_0,0
MSFT_2105_0,0
MSFT_2106_1,1
MSFT_2107_1,1
MSFT_2108_1,1
MSFT_2109_0,0
MSFT_2110_0,0
MSFT_2111_1,1
MSFT_2112_1,1
MSFT_2113_1,1
MSFT_2114_1,1
MSFT_2115_0,0
MSFT_2116_1,1
MSFT_2117_0,0
MSFT_2118_1,1
MSFT_2119_1,1
MSFT_2120_0,0
MSFT_2121_0,0
MSFT_2122_1,1
MSFT_2123_0,0
MSFT_2124_1,1
MSFT_2125_0,0
MSFT_2126_0,0
MSFT_2127_1,1
MSFT_2128_1,1
MSFT_2129_1,1
MSFT_2130_0,0
MSFT_2131_0,0
MSFT_2132_0,0
MSFT_2133_0,0
MSFT_2134_0,0
MSFT_2135_0,0
MSFT_2136_1,1
MSFT_2137_1,1
MSFT_2138_0,0
MSFT_2139_0,0
MSFT_2140_0,0
MSFT_2141_0,0
MSFT_2142_0,0
MSFT_2143_0,0
MSFT_2144_0,0
MSFT_2145_0,0
MSFT_2146_1,1
MSFT_2147_0,0
MSFT_2148_1,1
MSFT_2149_0,0
MSFT_2150_0,0
MSFT_2151_1,1
MSFT_2152_1,1
MSFT_2153_0,0
MSFT_2154_1,1
MSFT_2155_0,0
MSFT_2156_0,0
MSFT_2157_0,0
MSFT_2158_0,0
MSFT_2159_1,1
MSFT_2160_0,0
MSFT_2161_0,0
MSFT_2162_1,1
MSFT_2163_1,1
MSFT_2164_0,0
MSFT_2165_0,0
MSFT_2166_1,1
MSFT_2167_0,0
MSFT_2168_0,0
MSFT_2169_1,1
MSFT_2170_0,0
MSFT_2171_1,1
MSFT_2172_1,1
MSFT_2173_0,0
MSFT_2174_1,1
MSFT_2175_1,1
MSFT_2176_1,1
MSFT_2177_0,0
MSFT_2178_0,0
MSFT_2179_0,0
MSFT_2180_0,0
MSFT_2181_1,1
MSFT_2182_1,1
MSFT_2183_1,1
MSFT_2184_0,0
MSFT_2185_0,0
MSFT_2186_0,0
MSFT_2187_1,1
MSFT_2188_1,1
MSFT_2189_1,1
MSFT_2190_1,1
MSFT_2191_1,1
MSFT_2192_1,1
MSFT_2193_0,0
MSFT_2194_1,1
MSFT_2195_1,1
MSFT_2196_1,1
MSFT_2197_1,1
MSFT_2198_0,0
MSFT_2199_1,1
MSFT_2200_1,1
MSFT_2201_1,1
MSFT_2202_1,1
MSFT_2203_0,0
MSFT_2204_1,1
MSFT_2205_1,1
MSFT_2206_0,0
MSFT_2207_0,0
MSFT_2208_1,1
MSFT_2209_0,0
MSFT_2210_1,1
MSFT_2211_1,1
MSFT_2212_0,0
MSFT_2213_1,1
MSFT_2214_0,0
MSFT_2215_1,1
MSFT_2216_0,0
MSFT_2217_0,0
MSFT_2218_0,0
MSFT_2219_1,1
MSFT_2220_0,0
MSFT_2221_0,0
MSFT_2222_0,0
MSFT_2223_1,1
MSFT_2224_0,0
MSFT_2225_1,1
MSFT_2226_1,1
MSFT_2227_1,1
MSFT_2228_1,1
MSFT_2229_0,0
MSFT_2230_1,1
MSFT_2231_0,0
MSFT_2232_1,1
MSFT_2233_0,0
MSFT_2234_1,1
MSFT_2235_0,0
MSFT_2236_1,1
MSFT_2237_1,1
MSFT_2238_1,1
MSFT_2239_1,1
MSFT_2240_0,0
MSFT_2241_1,1
MSFT_2242_1,1
MSFT_2243_0,0
MSFT_2244_1,1
MSFT_2245_1,1
MSFT_2246_0,0
MSFT_2247_1,1
MSFT_2248_1,1
MSFT_2249_1,1
MSFT_2250_1,1
MSFT_2251_1,1
MSFT_2252_1,1
MSFT_2253_0,0
MSFT_2254_0,0
MSFT_2255_1,1
MSFT_2256_0,0
MSFT_2257_0,0
MSFT_2258_1,1
MSFT_2259_0,0
MSFT_2260_1,1
MSFT_2261_0,0
MSFT_2262_0,0
MSFT_2263_0,0
MSFT_2264_1,1
MSFT_2265_1,1
MSFT_2266_1,1
MSFT_2267_1,1
MSFT_2268_0,0
MSFT_2269_0,0
MSFT_2270_0,0
MSFT_2271_0,0
MSFT_2272_1,1
MSFT_2273_1,1
MSFT_2274_0,0
MSFT_2275_0,0
MSFT_2276_0,0
MSFT_2277_0,0
MSFT_2278_1,1
MSFT_2279_1,1
MSFT_2280_0,0
MSFT_2281_0,0
MSFT_2282_1,1
MSFT_2283_1,1
MSFT_2284_0,0
MSFT_2285_0,0
MSFT_2286_1,1
MSFT_2287_1,1
MSFT_2288_1,1
MSFT_2289_1,1
MSFT_2290_0,0
MSFT_2291_1,1
MSFT_2292_1,1
MSFT_2293_0,0
MSFT_2294_0,0
MSFT_2295_1,1
MSFT_2296_0,0
MSFT_2297_0,0
MSFT_2298_0,0
MSFT_2299_0,0
MSFT_2300_1,1
MSFT_2301_1,1
MSFT_2302_0,0
MSFT_2303_1,1
MSFT_2304_0,0
MSFT_2305_0,0
MSFT_2306_1,1
MSFT_2307_1,1
MSFT_2308_0,0
MSFT_2309_0,0
MSFT_2310_1,1
MSFT_2311_1,1
MSFT_2312_0,0
MSFT_2313_1,1
MSFT_2314_0,0
MSFT_2315_0,0
MSFT_2316_0,0
MSFT_2317_1,1
MSFT_2318_1,1
MSFT_2319_1,1
MSFT_2320_0,0
MSFT_2321_1,1
MSFT_2322_1,1
MSFT_2323_0,0
MSFT_2324_0,0
MSFT_2325_0,0
MSFT_2326_0,0
MSFT_2327_0,0
MSFT_2328_0,0
MSFT_2329_0,0
MSFT_2330_1,1
MSFT_2331_1,1
MSFT_2332_0,0
MSFT_2333_0,0
MSFT_2334_1,1
MSFT_2335_0,0
MSFT_2336_0,0
MSFT_2337_1,1
MSFT_2338_0,0
MSFT_2339_0,0
MSFT_2340_0,0
MSFT_2341_1,1
MSFT_2342_1,1
MSFT_2343_1,1
MSFT_2344_0,0
MSFT_2345_1,1
MSFT_2346_1,1
MSFT_2347_0,0
MSFT_2348_0,0
MSFT_2349_1,1
MSFT_2350_1,1
MSFT_2351_1,1
MSFT_2352_1,1
MSFT_2353_0,0
MSFT_2354_0,0
MSFT_2355_1,1
MSFT_2356_1,1
MSFT_2357_1,1
MSFT_2358_0,0
MSFT_2359_1,1
MSFT_2360_0,0
MSFT_2361_0,0
MSFT_2362_0,0
MSFT_2363_1,1
MSFT_2364_1,1
MSFT_2365_1,1
MSFT_2366_0,0
MSFT_2367_1,1
MSFT_2368_0,0
MSFT_2369_1,1
MSFT_2370_1,1
MSFT_2371_0,0
MSFT_2372_1,1
MSFT_2373_1,1
MSFT_2374_1,1
MSFT_2375_0,0
MSFT_2376_0,0
MSFT_2377_1,1
MSFT_2378_1,1
MSFT_2379_1,1
MSFT_2380_0,0
MSFT_2381_1,1
MSFT_2382_0,0
MSFT_2383_1,1
MSFT_2384_0,0
MSFT_2385_0,0
MSFT_2386_1,1
MSFT_2387_1,1
MSFT_2388_1,1
MSFT_2389_1,1
MSFT_2390_1,1
MSFT_2391_1,1
MSFT_2392_1,1
MSFT_2393_0,0
MSFT_2394_1,1
MSFT_2395_0,0
MSFT_2396_1,1
MSFT_2397_0,0
MSFT_2398_0,0
MSFT_2399_0,0
MSFT_2400_0,0
MSFT_2401_1,1
MSFT_2402_0,0
MSFT_2403_1,1
MSFT_2404_1,1
MSFT_2405_0,0
MSFT_2406_0,0
MSFT_2407_0,0
MSFT_2408_1,1
MSFT_2409_1,1
MSFT_2410_0,0
MSFT_2411_1,1
MSFT_2412_1,1
MSFT_2413_1,1
MSFT_2414_0,0
MSFT_2415_0,0
MSFT_2416_1,1
MSFT_2417_1,1
MSFT_2418_0,0
MSFT_2419_1,1
MSFT_2420_1,1
MSFT_2421_0,0
MSFT_2422_1,1
MSFT_2423_1,1
MSFT_2424_0,0
MSFT_2425_0,0
MSFT_2426_0,0
MSFT_2427_1,1
MSFT_2428_1,1
MSFT_2429_0,0
MSFT_2430_0,0
MSFT_2431_0,0
MSFT_2432_0,0
MSFT_2433_0,0
MSFT_2434_0,0
MSFT_2435_1,1
MSFT_2436_0,0
MSFT_2437_0,0
MSFT_2438_0,0
MSFT_2439_1,1
MSFT_2440_0,0
MSFT_2441_1,1
MSFT_2442_1,1
MSFT_2443_0,0
MSFT_2444_1,1
MSFT_2445_0,0
MSFT_2446_0,0
MSFT_2447_0,0
MSFT_2448_0,0
MSFT_2449_1,1
MSFT_2450_1,1
MSFT_2451_1,1
MSFT_2452_0,0
MSFT_2453_0,0
MSFT_2454_1,1
MSFT_2455_0,0
MSFT_2456_1,1
MSFT_2457_0,0
MSFT_2458_0,0
MSFT_2459_0,0
MSFT_2460_0,0
MSFT_2461_1,1
MSFT_2462_1,1
MSFT_2463_1,1
MSFT_2464_1,1
MSFT_2465_1,1
MSFT_2466_1,1
MSFT_2467_0,0
MSFT_2468_1,1
MSFT_2469_1,1
MSFT_2470_0,0
MSFT_2471_0,0
MSFT_2472_0,0
MSFT_2473_1,1
MSFT_2474_1,1
MSFT_2475_0,0
MSFT_2476_0,0
MSFT_2477_1,1
MSFT_2478_1,1
MSFT_2479_0,0
MSFT_2480_1,1
MSFT_2481_0,0
MSFT_2482_1,1
MSFT_2483_1,1
MSFT_2484_0,0
MSFT_2485_1,1
MSFT_2486_0,0
MSFT_2487_0,0
MSFT_2488_1,1
MSFT_2489_0,0
MSFT_2490_0,0
MSFT_2491_1,1
MSFT_2492_1,1
MSFT_2493_0,0
MSFT_2494_1,1
MSFT_2495_0,0
MSFT_2496_0,0
MSFT_2497_0,0
MSFT_2498_0,0
MSFT_2499_0,0
MSFT_2500_0,0
MSFT_2501_0,0
MSFT_2502_0,0
MSFT_2503_1,1
MSFT_2504_0,0
MSFT_2505_0,0
MSFT_2506_1,1
MSFT_2507_0,0
MSFT_2508_1,1
MSFT_2509_0,0
MSFT_2510_0,0
MSFT_2511_0,0
MSFT_2512_0,0
MSFT_2513_0,0
MSFT_2514_1,1
MSFT_2515_1,1
MSFT_2516_1,1
MSFT_2517_0,0
MSFT_2518_1,1
MSFT_2519_1,1
MSFT_2520_0,0
MSFT_2521_0,0
MSFT_2522_1,1
MSFT_2523_1,1
MSFT_2524_1,1
MSFT_2525_0,0
MSFT_2526_0,0
MSFT_2527_0,0
MSFT_2528_0,0
MSFT_2529_0,0
MSFT_2530_0,0
MSFT_2531_1,1
MSFT_2532_1,1
MSFT_2533_1,1
MSFT_2534_1,1
MSFT_2535_1,1
MSFT_2536_0,0
MSFT_2537_0,0
MSFT_2538_0,0
MSFT_2539_0,0
MSFT_2540_1,1
MSFT_2541_1,1
MSFT_2542_1,1
MSFT_2543_1,1
MSFT_2544_0,0
MSFT_2545_0,0
MSFT_2546_0,0
MSFT_2547_0,0
MSFT_2548_0,0
MSFT_2549_1,1
MSFT_2550_1,1
MSFT_2551_0,0
MSFT_2552_0,0
MSFT_2553_1,1
MSFT_2554_1,1
MSFT_2555_1,1
MSFT_2556_1,1
MSFT_2557_1,1
MSFT_2558_1,1
MSFT_2559_0,0
MSFT_2560_0,0
MSFT_2561_0,0
MSFT_2562_0,0
MSFT_2563_0,0
MSFT_2564_0,0
MSFT_2565_0,0
MSFT_2566_0,0
MSFT_2567_0,0
MSFT_2568_0,0
MSFT_2569_0,0
MSFT_2570_0,0
MSFT_2571_0,0
MSFT_2572_0,0
MSFT_2573_0,0
MSFT_2574_0,0
MSFT_2575_0,0
MSFT_2576_0,0
MSFT_2577_0,0
MSFT_2578_0,0
MSFT_2579_1,1
MSFT_2580_1,1
MSFT_2581_1,1
MSFT_2582_1,1
MSFT_2583_0,0
MSFT_2584_0,0
MSFT_2585_1,1
MSFT_2586_1,1
MSFT_2587_1,1
MSFT_2588_1,1
MSFT_2589_0,0
MSFT_2590_0,0
MSFT_2591_1,1
MSFT_2592_1,1
MSFT_2593_0,0
MSFT_2594_0,0
MSFT_2595_0,0
MSFT_2596_1,1
MSFT_2597_1,1
MSFT_2598_0,0
MSFT_2599_0,0
MSFT_2600_0,0
MSFT_2601_0,0
MSFT_2602_1,1
MSFT_2603_1,1
MSFT_2604_0,0
MSFT_2605_0,0
MSFT_2606_1,1
MSFT_2607_1,1
MSFT_2608_1,1
MSFT_2609_1,1
MSFT_2610_0,0
MSFT_2611_0,0
MSFT_2612_1,1
MSFT_2613_1,1
MSFT_2614_0,0
MSFT_2615_0,0
MSFT_2616_0,0
MSFT_2617_0,0
MSFT_2618_0,0
MSFT_2619_1,1
MSFT_2620_1,1
MSFT_2621_1,1
MSFT_2622_1,1
MSFT_2623_0,0
MSFT_2624_0,0
MSFT_2625_0,0
MSFT_2626_0,0
MSFT_2627_0,0
MSFT_2628_0,0
MSFT_2629_0,0
MSFT_2630_0,0
MSFT_2631_0,0
MSFT_2632_0,0
MSFT_2633_0,0
MSFT_2634_0,0
MSFT_2635_0,0
MSFT_2636_0,0
MSFT_2637_0,0
MSFT_2638_1,1
MSFT_2639_1,1
MSFT_2640_1,1
MSFT_2641_1,1
MSFT_2642_0,0
MSFT_2643_0,0
MSFT_2644_1,1
MSFT_2645_1,1
MSFT_2646_1,1
MSFT_2647_0,0
MSFT_2648_0,0
MSFT_2649_0,0
MSFT_2650_0,0
MSFT_2651_0,0
MSFT_2652_0,0
MSFT_2653_1,1
MSFT_2654_1,1
MSFT_2655_0,0
MSFT_2656_0,0
MSFT_2657_1,1
MSFT_2658_1,1
MSFT_2659_1,1
MSFT_2660_1,1
MSFT_2661_1,1
MSFT_2662_0,0
MSFT_2663_0,0
MSFT_2664_1,1
MSFT_2665_1,1
MSFT_2666_0,0
MSFT_2667_0,0
MSFT_2668_1,1
MSFT_2669_1,1
MSFT_2670_1,1
MSFT_2671_1,1
MSFT_2672_0,0
MSFT_2673_0,0
MSFT_2674_1,1
MSFT_2675_1,1
MSFT_2676_1,1
MSFT_2677_1,1
MSFT_2678_1,1
MSFT_2679_0,0
MSFT_2680_0,0
MSFT_2681_1,1
MSFT_2682_1,1
MSFT_2683_0,0
MSFT_2684_0,0
MSFT_2685_1,1
MSFT_2686_1,1
MSFT_2687_1,1
MSFT_2688_1,1
MSFT_2689_1,1
MSFT_2690_1,1
MSFT_2691_1,1
MSFT_2692_0,0
MSFT_2693_0,0
MSFT_2694_1,1
MSFT_2695_1,1
MSFT_2696_1,1
MSFT_2697_1,1
MSFT_2698_1,1
MSFT_2699_1,1
MSFT_2700_0,0
MSFT_2701_0,0
MSFT_2702_1,1
MSFT_2703_1,1
MSFT_2704_0,0
MSFT_2705_0,0
MSFT_2706_1,1
MSFT_2707_1,1
MSFT_2708_1,1
MSFT_2709_0,0
MSFT_2710_0,0
MSFT_2711_0,0
MSFT_2712_0,0
MSFT_2713_0,0
MSFT_2714_0,0
MSFT_2715_1,1
MSFT_2716_1,1
MSFT_2717_0,0
MSFT_2718_0,0
MSFT_2719_1,1
MSFT_2720_1,1
MSFT_2721_0,0
MSFT_2722_0,0
MSFT_2723_0,0
MSFT_2724_0,0
MSFT_2725_1,1
MSFT_2726_1,1
MSFT_2727_1,1
MSFT_2728_1,1
MSFT_2729_0,0
MSFT_2730_0,0
MSFT_2731_0,0
MSFT_2732_1,1
MSFT_2733_1,1
MSFT_2734_1,1
MSFT_2735_1,1
MSFT_2736_1,1
MSFT_2737_1,1
MSFT_2738_0,0
MSFT_2739_0,0
MSFT_2740_0,0
MSFT_2741_0,0
MSFT_2742_0,0
MSFT_2743_0,0
MSFT_2744_0,0
MSFT_2745_0,0
MSFT_2746_1,1
MSFT_2747_1,1
MSFT_2748_1,1
MSFT_2749_1,1
MSFT_2750_1,1
MSFT_2751_1,1
MSFT_2752_1,1
MSFT_2753_1,1
MSFT_2754_1,1
MSFT_2755_1,1
MSFT_2756_1,1
MSFT_2757_0,0
MSFT_2758_0,0
MSFT_2759_1,1
MSFT_2760_1,1
MSFT_2761_1,1
MSFT_2762_1,1
MSFT_2763_1,1
MSFT_2764_1,1
MSFT_2765_1,1
MSFT_2766_0,0
MSFT_2767_0,0
MSFT_2768_0,0
MSFT_2769_0,0
MSFT_2770_0,0
MSFT_2771_0,0
MSFT_2772_1,1
MSFT_2773_1,1
MSFT_2774_0,0
MSFT_2775_0,0
MSFT_2776_0,0
MSFT_2777_0,0
MSFT_2778_0,0
MSFT_2779_1,1
MSFT_2780_1,1
MSFT_2781_0,0
MSFT_2782_0,0
MSFT_2783_1,1
MSFT_2784_1,1
MSFT_2785_0,0
MSFT_2786_0,0
MSFT_2787_1,1
MSFT_2788_1,1
MSFT_2789_1,1
MSFT_2790_1,1
MSFT_2791_1,1
MSFT_2792_1,1
MSFT_2793_1,1
MSFT_2794_0,0
MSFT_2795_0,0
MSFT_2796_1,1
MSFT_2797_1,1
MSFT_2798_1,1
MSFT_2799_1,1
MSFT_2800_1,1
MSFT_2801_1,1
MSFT_2802_0,0
MSFT_2803_1,1
MSFT_2804_1,1
MSFT_2805_1,1
MSFT_2806_1,1
MSFT_2807_1,1
MSFT_2808_1,1
MSFT_2809_1,1
MSFT_2810_1,1
MSFT_2811_1,1
MSFT_2812_1,1
MSFT_2813_1,1
MSFT_2814_1,1
MSFT_2815_1,1
MSFT_2816_1,1
MSFT_2817_0,0
MSFT_2818_0,0
MSFT_2819_0,0
MSFT_2820_0,0
MSFT_2821_0,0
MSFT_2822_0,0
MSFT_2823_0,0
MSFT_2824_1,1
MSFT_2825_1,1
MSFT_2826_1,1
MSFT_2827_1,1
MSFT_2828_1,1
MSFT_2829_1,1
MSFT_2830_1,1
MSFT_2831_1,1
MSFT_2832_0,0
MSFT_2833_0,0
MSFT_2834_1,1
MSFT_2835_1,1
MSFT_2836_0,0
MSFT_2837_0,0
MSFT_2838_1,1
MSFT_2839_1,1
MSFT_2840_1,1
MSFT_2841_1,1
MSFT_2842_0,0
MSFT_2843_0,0
MSFT_2844_0,0
MSFT_2845_1,1
MSFT_2846_1,1
MSFT_2847_1,1
MSFT_2848_1,1
MSFT_2849_1,1
MSFT_2850_1,1
MSFT_2851_1,1
MSFT_2852_1,1
MSFT_2853_1,1
MSFT_2854_1,1
MSFT_2855_1,1
MSFT_2856_0,0
MSFT_2857_0,0
MSFT_2858_0,0
MSFT_2859_1,1
MSFT_2860_1,1
MSFT_2861_1,1
MSFT_2862_1,1
MSFT_2863_1,1
MSFT_2864_0,0
MSFT_2865_0,0
MSFT_2866_1,1
MSFT_2867_1,1
MSFT_2868_0,0
MSFT_2869_0,0
MSFT_2870_1,1
MSFT_2871_1,1
MSFT_2872_0,0
MSFT_2873_0,0
MSFT_2874_0,0
MSFT_2875_1,1
MSFT_2876_1,1
MSFT_2877_1,1
MSFT_2878_1,1
MSFT_2879_1,1
MSFT_2880_1,1
MSFT_2881_0,0
MSFT_2882_0,0
MSFT_2883_0,0
MSFT_2884_0,0
MSFT_2885_1,1
MSFT_2886_1,1
MSFT_2887_1,1
MSFT_2888_0,0
MSFT_2889_0,0
MSFT_2890_0,0
MSFT_2891_0,0
MSFT_2892_0,0
MSFT_2893_0,0
MSFT_2894_0,0
MSFT_2895_0,0
MSFT_2896_1,1
MSFT_2897_1,1
MSFT_2898_0,0
MSFT_2899_0,0
MSFT_2900_1,1
MSFT_2901_1,1
MSFT_2902_1,1
MSFT_2903_1,1
MSFT_2904_1,1
MSFT_2905_1,1
MSFT_2906_1,1
MSFT_2907_1,1
MSFT_2908_1,1
MSFT_2909_0,0
MSFT_2910_0,0
MSFT_2911_1,1
MSFT_2912_1,1
MSFT_2913_0,0
MSFT_2914_0,0
MSFT_2915_0,0
MSFT_2916_1,1
MSFT_2917_1,1
MSFT_2918_1,1
MSFT_2919_1,1
MSFT_2920_0,0
MSFT_2921_0,0
MSFT_2922_0,0
MSFT_2923_0,0
MSFT_2924_1,1
MSFT_2925_1,1
MSFT_2926_0,0
MSFT_2927_0,0
MSFT_2928_1,1
MSFT_2929_1,1
MSFT_2930_1,1
MSFT_2931_1,1
MSFT_2932_1,1
MSFT_2933_1,1
MSFT_2934_1,1
MSFT_2935_0,0
MSFT_2936_0,0
MSFT_2937_1,1
MSFT_2938_1,1
MSFT_2939_1,1
MSFT_2940_1,1
MSFT_2941_1,1
MSFT_2942_1,1
MSFT_2943_0,0
MSFT_2944_0,0
MSFT_2945_1,1
MSFT_2946_1,1
MSFT_2947_0,0
MSFT_2948_0,0
MSFT_2949_1,1
MSFT_2950_1,1
MSFT_2951_0,0
MSFT_2952_0,0
MSFT_2953_0,0
MSFT_2954_0,0
MSFT_2955_1,1
MSFT_2956_1,1
MSFT_2957_0,0
MSFT_2958_1,1
MSFT_2959_1,1
MSFT_2960_1,1
MSFT_2961_1,1
MSFT_2962_0,0
MSFT_2963_0,0
MSFT_2964_0,0
MSFT_2965_0,0
MSFT_2966_0,0
MSFT_2967_0,0
MSFT_2968_0,0
MSFT_2969_0,0
MSFT_2970_0,0
MSFT_2971_0,0
MSFT_2972_1,1
MSFT_2973_1,1
MSFT_2974_1,1
MSFT_2975_0,0
MSFT_2976_0,0
MSFT_2977_1,1
MSFT_2978_1,1
MSFT_2979_1,1
MSFT_2980_0,0
MSFT_2981_0,0
MSFT_2982_0,0
MSFT_2983_0,0
MSFT_2984_1,1
MSFT_2985_1,1
MSFT_2986_1,1
MSFT_2987_1,1
MSFT_2988_1,1
MSFT_2989_1,1
MSFT_2990_1,1
MSFT_2991_0,0
MSFT_2992_0,0
MSFT_2993_1,1
MSFT_2994_1,1
MSFT_2995_1,1
MSFT_2996_1,1
MSFT_2997_0,0
MSFT_2998_0,0
MSFT_2999_0,0
MSFT_3000_0,0
MSFT_3001_1,1
MSFT_3002_1,1
MSFT_3003_1,1
MSFT_3004_1,1
MSFT_3005_1,1
MSFT_3006_1,1
MSFT_3007_1,1
MSFT_3008_1,1
MSFT_3009_1,1
MSFT_3010_1,1
MSFT_3011_1,1
MSFT_3012_1,1
MSFT_3013_1,1
MSFT_3014_0,0
MSFT_3015_0,0
MSFT_3016_0,0
MSFT_3017_0,0
MSFT_3018_0,0
MSFT_3019_0,0
MSFT_3020_0,0
MSFT_3021_1,1
MSFT_3022_1,1
MSFT_3023_1,1
MSFT_3024_1,1
MSFT_3025_1,1
MSFT_3026_1,1
MSFT_3027_0,0
MSFT_3028_0,0
MSFT_3029_1,1
MSFT_3030_1,1
MSFT_3031_1,1
MSFT_3032_1,1
MSFT_3033_1,1
MSFT_3034_0,0
MSFT_3035_0,0
MSFT_3036_1,1
MSFT_3037_1,1
MSFT_3038_0,0
MSFT_3039_0,0
MSFT_3040_0,0
MSFT_3041_0,0
MSFT_3042_1,1
MSFT_3043_1,1
MSFT_3044_0,0
MSFT_3045_0,0
MSFT_3046_0,0
MSFT_3047_0,0
MSFT_3048_0,0
MSFT_3049_0,0
MSFT_3050_0,0
MSFT_3051_0,0
MSFT_3052_0,0
MSFT_3053_0,0
MSFT_3054_0,0
MSFT_3055_0,0
MSFT_3056_0,0
MSFT_3057_1,1
MSFT_3058_1,1
MSFT_3059_0,0
MSFT_3060_0,0
MSFT_3061_0,0
MSFT_3062_0,0
MSFT_3063_1,1
MSFT_3064_1,1
MSFT_3065_0,0
MSFT_3066_0,0
MSFT_3067_1,1
MSFT_3068_1,1
MSFT_3069_1,1
MSFT_3070_1,1
MSFT_3071_0,0
MSFT_3072_0,0
MSFT_3073_0,0
MSFT_3074_0,0
MSFT_3075_0,0
MSFT_3076_1,1
MSFT_3077_1,1
MSFT_3078_1,1
MSFT_3079_1,1
MSFT_3080_1,1
MSFT_3081_1,1
MSFT_3082_0,0
MSFT_3083_0,0
MSFT_3084_0,0
